index,core_people_number,important_node_number,live_apple,live_people_number,live_stay_fre,live_weekday_day_time,live_weekday_eve_time,live_weekend_day_time,live_weekend_eve_time,no_core_people_number,noimportant_node_number,sx_29_01,sx_29_02,sx_29_03,sx_29_04,sx_29_05,sx_29_06,sx_29_07,sx_29_08,sx_29_09,sx_29_10,sx_29_11,sx_29_12,sx_29_13,sx_29_14,sx_29_15,sx_29_16,visit_apple,visit_people_number,visit_stay_fre,visit_weekday_day_time,visit_weekday_eve_time,visit_weekend_day_time,visit_weekend_eve_time,walk_frequency,web_time_business,web_time_enjoy,web_time_life,web_time_other,work_apple,work_people_number,work_stay_fre,work_weekday_day_time,work_weekday_eve_time,work_weekend_day_time,work_weekend_eve_time
163113,9299,NA,338,1725,20353,504539321,219430741,194573597,84256674,2278,58,NA,3,15,133,1516,1654,1201,1111,891,1018,632,358,272,146,192,802,2495,8918,20353,123722239,31556425,83831564,13475961,10059,212329449,203532299,307522582,517204479,248,934,20353,215982468,20123598,35024920,5178924
197389,2290,NA,35,169,5270,50992004,31109002,22888500,12137993,164,2,NA,1,3,26,357,537,371,292,179,160,106,54,51,15,16,134,704,2231,5270,23999304,11308308,12984924,4368284,3082,62722887,59042473,89618870,143134694,13,56,5270,10121554,2589411,3701744,1035127
168118,14096,NA,302,1614,27118,500831961,229697218,199836582,87287532,2658,2,1,3,15,166,1479,2254,2175,2081,1403,1320,995,567,493,265,305,1150,3371,13694,27118,168093521,31605331,58167709,12546627,705,332497946,341988078,510931920,792443091,459,1449,27118,544662030,23814891,49501533,5885735
188098,9227,NA,102,1256,18208,380786429,169545155,152510872,66713387,1738,1,NA,2,14,191,1388,1771,1321,949,709,710,507,296,229,99,110,645,1710,9150,18208,87326115,21185907,39868275,9726434,19183,194361995,196635129,215223631,492136909,66,560,18208,98993503,13162043,17763685,3781725
190908,1693,NA,6,438,3705,120773100,48508307,54545311,20765418,387,NA,NA,1,1,36,161,188,180,200,137,190,130,72,51,33,25,142,58,1565,3705,17336436,3166355,9024910,1868216,NA,7739916,12501479,17498798,21403683,1,77,3705,11279678,1185571,3522693,512746
188789,2125,NA,49,194,5146,57306115,32252568,25465697,12023434,185,3,NA,1,4,24,272,401,336,256,172,152,112,56,38,12,15,157,475,1985,5146,34425142,8933260,11925528,3523647,16365,54620287,60979677,141620683,133872366,42,131,5146,26673918,3091150,4838041,969699
176684,8749,NA,209,1129,17927,423528442,169624824,167288803,67412583,1503,10,NA,NA,9,66,831,1224,1063,1099,843,806,549,321,298,155,204,887,1230,8334,17927,81692908,15454776,44770596,7672757,7973,125986202,118765752,206185579,309461499,187,792,17927,207408025,15254834,37218479,4641312
173810,18740,2,590,2259,32255,659857982,301160540,257136253,112253519,3908,16,NA,6,24,323,2897,4257,3519,2726,1845,1615,966,402,301,158,194,1299,5860,16068,32255,208195858,38825225,91625029,17250930,67039,570186668,535860244,790800282,1368959603,1945,4326,32255,1755344540,88006517,138321740,13329571
187374,3435,NA,131,780,5588,279642737,140189190,110003788,56551859,453,23,NA,NA,2,35,524,804,692,482,266,223,129,73,54,23,20,167,608,2022,5588,40953514,10889825,15589747,4190996,132534,108332216,112851772,114423339,255174229,473,1087,5588,332276534,30084540,25893568,3908784
169522,17892,2,260,1158,38812,374316213,175095831,157848489,66281453,2132,6,NA,6,42,448,3471,3742,2559,1985,1708,1665,872,444,336,163,281,976,6592,17780,38812,202348207,36204794,121593968,18571799,113353,579734507,577268378,711291635,1420413585,409,1087,38812,358572693,19375133,56548438,4830114
166677,7022,NA,662,2128,14697,763493266,396490859,320683024,144193865,1129,3,NA,1,16,144,1142,1088,943,810,672,673,435,264,225,111,144,513,1478,5622,14697,90836294,30963435,58520274,15426956,2360,153520087,169829083,257337578,376393252,87,405,14697,99389148,16543300,18476606,4182886
176671,4613,NA,375,1133,9177,425807531,180276082,161830473,69579950,826,7,NA,NA,4,129,1721,853,486,372,309,335,196,95,52,22,36,216,1188,3502,9177,54452189,14088645,46628716,6225212,23512,168733678,149184173,177344876,492732248,330,806,9177,191234580,28156756,40707786,8127135
163833,10146,NA,334,2102,17558,711901178,364246662,308868691,141710319,2046,NA,NA,3,12,90,766,1218,1208,1397,1192,1109,764,482,418,251,274,917,1435,9220,17558,110615864,26521701,53977294,11977228,NA,149258966,154180696,276941871,355246205,182,872,17558,245467436,13642889,28554728,3410644
165958,27335,NA,144,917,54582,230569305,110720393,103936064,45140302,3202,11,NA,4,30,291,2403,3181,3140,3134,2678,2769,1907,1160,912,594,694,3027,4899,28672,54582,228465928,41861965,109202036,19144310,33762,404635422,441608956,655572117,972568414,208,948,54582,222164567,14368798,58319590,5180819
170970,8501,NA,355,1392,16179,420352357,210564833,176677991,81253259,1603,NA,NA,2,14,136,1183,1558,1297,1109,830,789,555,330,233,133,149,655,1935,8013,16179,72787657,27407511,37506415,12162903,NA,201650328,231601221,359893058,490777248,242,699,16179,270429810,17697959,26593082,2887463
168091,4027,NA,100,294,8952,95340809,51238006,40589174,19087660,429,12,NA,2,4,63,619,796,620,538,398,417,227,107,68,42,36,242,1270,3974,8952,52079256,10010914,22443165,4719547,60482,117646376,99325342,202771968,246396498,58,189,8952,50985848,3925732,5646754,814751
143826,10430,NA,234,2063,21758,440198343,230225699,192822179,91868968,3785,15,NA,6,15,177,1021,1470,1516,1434,1259,1301,1002,648,511,273,298,861,1779,11437,21758,90544062,23048070,42271242,9818852,206146,170329835,187824843,397373848,412942600,93,716,21758,87802022,7133026,16142026,2440412
145264,4892,NA,239,975,11090,266519586,129012411,114554473,46144300,941,9,1,NA,14,68,461,661,742,705,504,550,398,267,192,112,125,433,1079,4429,11090,74624098,14104033,27202527,5751713,685,106838456,119940046,232963898,266498905,139,429,11090,132437265,8266776,19563160,2365535
140276,4017,NA,199,865,9401,260124665,143515803,110682639,52140255,987,20,NA,NA,8,57,460,600,632,585,486,437,355,274,215,130,98,236,953,3903,9401,57511477,16452255,27698647,6947168,35297,82562997,94529694,199711561,204746613,39,237,9401,46442364,7114152,11074757,2345775
125966,4832,NA,394,1581,9420,459235762,247912935,205142096,92903301,979,2,NA,4,9,69,508,735,667,650,457,451,332,181,151,80,49,314,749,3995,9420,47719637,16157398,33706574,7781236,14928,80982210,94161136,132740825,200637070,32,236,9420,38579442,7491025,7974605,1962312
131672,5743,NA,173,1435,12532,380526266,157531130,150073138,58597528,1233,2,NA,1,7,66,504,818,727,722,538,602,491,258,238,123,138,345,813,5085,12532,68369738,15963584,33172991,8072281,47370,97919283,99094000,157781980,219834446,54,458,12532,77653802,8235818,14671046,2420164
130967,1704,NA,9,102,3808,23019271,10377541,9728402,4470864,143,1,NA,1,2,13,106,199,223,228,166,148,127,71,51,26,23,169,220,1678,3808,19866634,6664477,9410770,2818479,4880,21804628,26614134,74798231,58660076,1,67,3808,9979893,1566493,1916622,401264
126659,1865,NA,38,471,4768,178800091,85906289,76722388,34877722,406,NA,NA,NA,4,14,140,238,215,259,197,205,155,89,72,43,41,138,149,1672,4768,26037648,7556455,11595640,3511489,NA,19149841,27699750,32078057,47971846,6,128,4768,19367938,3254656,4983737,1051591
150981,2552,NA,13,269,5094,59571399,28357405,24681402,12201593,798,NA,NA,NA,4,35,251,326,345,312,272,304,229,154,139,89,104,243,499,2869,5094,37224965,8691244,14929587,3924040,NA,38133513,41263850,113329375,97084685,27,212,5094,38313902,3687201,5733152,1181685
150976,4221,NA,109,425,8194,122219988,61855964,49818939,21874693,655,9,NA,1,8,65,497,820,700,595,380,424,316,226,170,84,74,237,1517,4232,8194,45463748,11357093,25932979,6416853,2237,121763255,120076865,230364684,269654212,57,219,8194,51509562,4151841,10817691,1551360
121696,1926,NA,23,139,3910,41665400,21549777,18381871,8387748,179,NA,NA,NA,3,23,183,297,306,249,166,197,122,70,54,17,19,157,450,1918,3910,15136718,4243211,7804995,1858039,NA,37332680,46066891,92361254,89382540,7,48,3910,9626058,1013909,3282950,324624
140267,5642,NA,58,247,11683,46207624,23877241,20985800,9423103,1525,8,NA,1,6,133,944,1293,1021,832,524,565,365,215,137,79,65,544,1989,6646,11683,53390057,12407858,21482699,4997983,38506,162599777,177499342,276438833,410052764,57,274,11683,38162987,3348646,4936030,877245
148835,53169,2,831,2972,95054,605083735,248473985,240711319,98006035,11498,13,1,9,49,866,9485,15506,10578,6394,3704,4227,3293,1885,1341,666,628,2654,29997,58043,95054,482326815,97260574,352538634,54732000,252515,1699586809,1631349517,1815763775,3681507575,1493,3655,95054,958454703,48178230,150667545,15896440
148107,5466,NA,150,587,10097,222353323,88032461,76037622,31492226,825,9,NA,2,7,68,455,783,865,711,581,567,476,248,195,84,105,510,1174,4631,10097,71765526,11275086,19101208,4006584,15243,120791229,126642886,227822690,286325241,368,1074,10097,430544681,16329226,33922696,3399546
141683,7336,NA,408,1449,17846,447718611,238536385,205837275,91829063,1217,6,NA,NA,14,135,823,1195,1143,1072,797,694,527,349,267,130,132,464,2025,6720,17846,90185883,28223745,47081639,12248847,23137,177713186,194910703,373289011,407341235,113,388,17846,94445011,6691927,20655014,2222932
146676,29106,NA,272,1960,53357,196257990,84961333,80233254,32241504,12789,3,NA,7,88,960,5756,6541,5568,4548,3615,3684,2762,1442,1149,550,466,1640,7454,37838,53357,234490248,26123440,101780818,10160886,90547,589658421,666823418,605359440,1469401253,407,2102,53357,261188497,10537073,27836308,2923257
158121,2567,NA,19,75,5452,11100517,5872813,4388721,2347907,672,11,1,1,8,87,601,530,391,316,252,257,196,109,74,34,33,164,985,3090,5452,22315844,6911669,14573416,3690096,1692,73886021,85222338,176142852,191064349,22,74,5452,5669063,824132,1213149,267970
120937,365,NA,1,16,951,1843102,925854,866264,266514,31,NA,NA,NA,1,3,42,66,65,44,41,30,22,17,7,3,9,20,114,373,951,4108407,1046542,1966971,463992,NA,7593206,9853598,12786566,18673534,1,7,951,1028256,166208,383105,129200
129542,4791,NA,114,733,10251,203409946,106673920,93361710,42265962,881,3,NA,NA,5,63,407,613,647,655,527,514,394,232,188,111,83,406,616,4745,10251,52769331,15248686,27843458,7311297,126,60977901,77827061,126939465,142631965,22,198,10251,29353286,4101145,8348637,1378561
135986,10734,NA,45,367,30242,80898425,30895803,35634549,12934276,983,NA,1,4,7,61,492,825,1251,1318,981,933,920,879,931,538,342,924,1858,10984,30242,149451943,20637231,85190478,9433669,NA,132323870,138911167,252600760,329603680,41,366,30242,44325136,2707702,12184595,934776
129505,875,NA,31,157,1961,44585645,28948072,19817352,11684379,258,7,NA,1,2,24,142,165,156,131,99,125,63,33,29,13,9,52,229,939,1961,6771617,2566319,3671778,1184394,NA,18829116,25029176,30482504,49399014,4,37,1961,2858114,308682,945597,59601
139538,8020,NA,511,1677,18985,577882559,300712008,266971695,114601231,1183,NA,NA,2,12,126,856,1244,1332,1227,892,857,559,363,279,149,115,495,2127,7147,18985,100293129,27274041,58242768,14030735,NA,186351150,209548209,361805008,435730107,90,381,18985,92883546,12649304,25894016,4514652
173849,4399,1,11,74,8546,12226138,6509007,5677974,2704068,483,NA,NA,1,4,59,373,691,599,518,423,374,269,158,115,70,48,499,1267,4702,8546,35554177,8174239,13182558,3102506,269608,79779732,89279904,168136628,192254814,19,106,8546,11900907,843460,2968906,338703
188124,2945,NA,161,518,9745,131825612,81143167,66602745,34805608,399,1,NA,1,8,50,354,598,568,456,265,210,141,98,75,31,29,166,916,2571,9745,48700996,24850481,32829625,11028701,17616,72869769,78007730,123371189,157818726,82,258,9745,43140612,9039444,13610583,3443090
188846,471,NA,8,54,1136,8447425,5498043,4341273,2254665,95,3,NA,NA,1,9,75,105,84,72,47,44,26,8,5,3,3,20,121,487,1136,7261540,2930046,3244240,1290081,2694,10211056,13430995,25814050,24825321,6,25,1136,3440661,435245,643339,140047
172416,6766,1,339,1063,11352,358196737,189177032,163358794,72906991,917,4,NA,NA,5,101,878,1316,1223,940,589,581,350,178,124,93,69,488,1886,5363,11352,73449007,17219525,31330622,7802332,210392,185686641,184261718,331949095,420447669,519,1260,11352,491184760,19347341,38480846,4072566
181736,435,NA,NA,35,1200,7581248,4146226,3206233,1808708,56,NA,NA,NA,2,6,32,47,52,61,31,44,30,16,10,4,4,48,64,439,1200,5465417,1383591,2173530,478303,NA,3577204,8065454,16179415,14238783,NA,17,1200,2447047,387705,947206,224308
189594,326,NA,3,17,944,3607607,1684809,1285790,591998,28,NA,NA,NA,1,4,24,54,40,46,22,24,15,7,8,3,1,38,52,322,944,4873276,723758,1661789,249661,NA,4167524,4691190,14910984,10640742,3,15,944,3933358,191036,873942,55559
179608,155,NA,9,25,317,8305519,4600578,3881259,2019889,21,1,NA,NA,NA,4,17,34,22,15,17,11,11,3,1,2,NA,10,39,143,317,1081031,347463,791149,310606,873,3928794,4682077,10885801,7114158,1,8,317,1022530,355496,175682,82882
190269,7441,NA,584,1375,16795,352636650,224159459,171643424,80742135,1157,4,NA,1,13,127,889,1609,1663,1355,686,500,319,201,153,65,36,538,2761,6739,16795,107951052,40069714,72567936,17621731,15681,226069764,234201379,303447275,496598014,188,529,16795,101201078,13155570,17204314,3835423
177435,5695,NA,68,365,8202,89224257,36905028,29902549,13484960,594,2,NA,NA,1,27,736,1673,1457,758,298,218,131,55,49,16,11,335,1281,3152,8202,100815636,10504001,13536954,2224150,NA,246475316,141399864,195288272,383426774,1597,2772,8202,594607341,41176456,39323748,3707590
193117,7227,NA,219,903,15977,223507495,153362224,117026792,62360134,902,11,NA,NA,11,128,1091,1582,1094,811,556,550,431,232,164,84,76,506,1720,6917,15977,76647267,32573200,47679658,14515287,27762,167229812,171029315,228774206,356037658,79,315,15977,67660888,7499003,16647675,2262453
168144,5985,2,105,653,10984,219145291,127223253,97313582,49044060,667,15,NA,1,1,52,502,891,815,709,547,512,364,188,144,68,60,803,1602,5828,10984,54703994,17944298,28965446,8124552,410525,116144577,136034699,434154790,281777345,38,173,10984,36211850,6870289,7612679,2124345
176002,8568,NA,548,1601,23360,528221145,277367640,249259160,107747957,1245,7,2,3,10,109,1148,1953,1332,1074,626,559,363,208,117,69,73,1120,3188,7628,23360,137415825,41466417,66941270,19766272,13774,215883499,204363185,427328536,460338079,211,585,23360,161681655,17297970,35290050,5109628
157430,6236,NA,271,798,13686,197423323,98045401,75962431,35136219,1402,2,NA,NA,6,80,777,1334,1074,845,524,520,337,197,104,67,67,652,2440,6303,13686,81622622,20920397,35560033,10279350,14494,153208275,159803879,408682206,359734272,176,538,13686,143751427,11467437,27270590,3270355
178839,4109,NA,67,170,8110,46201970,24373264,19548171,8616552,359,7,NA,2,3,50,383,708,691,644,463,379,234,122,115,53,38,243,1410,4217,8110,45368958,16047787,22485846,6500942,4662,105598182,107262256,203702346,244114632,14,81,8110,14106040,3707997,3071598,1108528
175983,2681,NA,104,357,6101,117119912,58923590,53940230,24337515,256,3,NA,NA,7,39,293,443,368,332,235,230,131,94,68,36,38,170,642,2393,6101,32325962,8786639,16298038,4391649,711,56611240,62010729,126781421,138192941,52,188,6101,47970080,4757797,11536038,1690352
169585,3712,NA,121,694,7808,180475201,94973934,77639823,36244241,759,1,NA,NA,3,45,384,606,585,446,290,292,207,110,71,33,39,314,720,3341,7808,53340229,14381041,19898998,5664434,8571,63167056,68315971,150935860,151669635,77,442,7808,118141572,8907621,12696253,1928368
156704,12539,NA,658,1919,25797,573277577,309214772,245770398,118614710,2771,12,NA,5,31,223,2184,3183,2428,1666,1066,1019,806,463,329,181,138,739,5279,12156,25797,172466127,54007834,63342984,23787324,49383,359438927,378798367,557278004,841256394,563,1235,25797,460418998,29814585,48003550,6484150
198832,2465,NA,107,420,7796,109876156,62806171,54319737,25524281,256,10,NA,NA,1,30,281,415,358,325,229,170,122,102,100,54,39,145,499,2125,7796,37503097,16539835,23727022,7234810,22685,50778322,47007822,83400341,102633754,48,179,7796,27076532,5232725,8837202,1745919
178830,4768,NA,4,261,9139,16939798,6951437,7625022,2846564,1104,NA,NA,2,7,46,529,860,777,735,421,352,253,158,137,92,71,272,1328,5399,9139,33374532,7915613,37232361,3992957,NA,108693050,94268171,111622395,246332549,23,213,9139,14745145,1624419,4162204,588807
161717,11597,NA,563,1860,23096,250435966,111401220,85063703,39136819,3321,12,NA,2,11,134,1539,2932,2336,1759,1082,953,651,337,218,87,85,1020,4539,11153,23096,153787681,26013126,49529549,10740165,78405,335331872,328164422,576249671,732735483,814,1907,23096,656618166,27118050,52399155,4863555
170285,4130,NA,170,480,9932,191436738,91077815,75056626,33168112,442,5,NA,1,3,78,447,608,611,527,350,337,224,131,95,42,49,389,1319,3929,9932,58073367,19446674,32962677,8615881,1802,86853500,89804432,171567319,209336665,33,163,9932,37256119,4984864,6985875,1618456
165998,12124,NA,598,2055,31607,662710551,331771887,308840051,128011577,1632,8,1,4,9,108,1109,1859,1644,1467,1172,1163,783,449,274,176,198,1251,2621,10886,31607,161734303,45265202,81622003,19708368,120706,209387155,223415507,432390569,490683402,177,817,31607,191720309,17849963,42291732,6610429
198894,2612,NA,134,914,8086,10581987,4741821,4362142,2114957,2227,NA,NA,1,1,19,233,544,614,544,374,322,241,106,68,29,35,350,1499,3637,8086,24453951,6782055,9419239,2468609,NA,58311107,59815169,249440932,155813679,65,288,8086,9647893,1205663,2742340,527752
169554,4683,NA,176,738,10427,242580762,127540089,109139384,48278900,568,NA,NA,NA,3,75,617,893,675,524,378,391,336,191,136,74,67,313,1204,4177,10427,60204833,15741269,25722245,6655248,NA,113686651,118199726,214461278,264407504,71,337,10427,93967087,6762501,14752868,1882597
158148,4289,NA,44,231,9344,30545188,14149034,11120928,4840172,763,21,NA,1,5,47,387,620,622,572,369,397,322,283,304,163,126,351,1307,4558,9344,64073995,14341021,26373625,5878081,64794,84951145,86821080,233760603,202225102,50,263,9344,32877671,3811251,7273494,1367937
165988,4256,NA,82,451,9632,107726123,54594485,44558667,21204753,785,9,NA,3,7,51,471,641,585,571,402,410,306,188,149,72,111,305,1057,4413,9632,53150766,16014493,23206812,6512930,70738,88185678,88747035,219634327,220708499,28,177,9632,26676907,4521839,6269183,1328971
178145,5262,NA,128,1150,12951,338549660,177038752,146594681,73327834,1090,1,NA,2,7,81,526,875,714,601,424,430,273,164,136,78,121,448,1261,4813,12951,72878342,23447372,31796204,10634188,15520,93970212,105924590,179144603,211367696,82,391,12951,73278511,11991120,18896726,4116635
179574,3646,NA,17,301,6229,69515445,32997157,27459567,13936117,487,3,NA,NA,NA,24,215,475,484,349,233,179,108,50,38,15,14,1162,769,2867,6229,65417582,17566690,21094304,7020213,10178,65016909,62148204,143262218,158733413,520,965,6229,250459927,11636513,17833082,2765361
154623,1741,NA,179,406,3818,143076837,75535801,68142854,29222902,225,NA,NA,NA,3,17,209,331,297,256,169,138,112,50,40,19,23,107,482,1496,3818,20317414,7152950,13014555,3956058,NA,40850900,46427825,114105828,101668993,18,64,3818,12720331,1011184,2600834,346885
152424,8178,NA,397,1534,16774,334567143,170092011,137825595,62399598,1968,10,NA,3,14,101,965,1434,1358,1164,794,818,634,337,280,141,131,724,2519,7955,16774,102849349,21731426,34346509,8423641,1059,190480449,206825671,431778340,461205928,204,665,16774,174362993,11066655,24670721,3067995
149569,5841,NA,246,1149,11552,380610009,194247464,153259999,71845219,1361,18,NA,1,7,113,688,1092,993,796,597,560,412,249,154,104,83,455,1818,5501,11552,67972152,24531123,24308935,10224593,57032,148026951,155777369,381141826,348256532,186,552,11552,178151681,9914317,19619858,2470103
151737,11599,NA,529,2751,23013,688525100,401091986,308679988,153444877,2499,1,NA,2,20,214,1520,2063,1581,1371,1013,1080,759,574,419,223,227,771,1957,10851,23013,131280378,47960784,64117056,20498466,6021,190936429,224513307,383487537,475274420,75,505,23013,80665988,14754700,18661116,4440872
153154,4366,NA,165,558,9798,193614057,120687884,94994141,45711011,347,2,NA,NA,7,58,441,797,723,564,398,368,261,185,134,81,79,294,1407,4020,9798,53960395,12748809,24396557,6173248,443,111645929,113708073,280244930,242861348,25,135,9798,28560812,2742765,7872808,1060458
151761,2812,NA,53,163,6948,45788842,22605520,19632735,8721770,272,NA,NA,NA,7,36,388,638,539,420,232,206,127,84,64,31,21,128,956,2733,6948,30771461,10159897,13720404,4069352,NA,79592037,77755135,206588236,170132824,81,189,6948,66851929,4152655,6199321,845093
153147,11149,NA,594,2377,23803,656148052,339909085,271278852,128532875,2720,4,1,5,28,262,1710,2213,1840,1554,998,987,663,400,320,167,153,774,3822,10691,23803,129395094,41040867,59640422,21503334,35493,267917278,313126695,697988585,633195316,266,802,23803,211146157,17123430,29558863,5252896
154574,26459,NA,676,1630,62475,305006774,151210446,129001905,60349134,6802,3,NA,6,27,639,5544,7237,4982,3193,1792,1748,1202,595,397,199,183,2495,13972,30653,62475,242220483,103097457,150412039,64346588,1257,728132192,784793211,1471641833,1662353068,425,980,62475,170382630,20430810,36808418,6543162
155315,980,NA,13,68,2557,16737602,8452881,6541589,3068128,62,NA,NA,NA,NA,13,86,167,154,133,116,66,59,30,26,9,6,90,242,932,2557,14064859,4036487,5741570,1789351,NA,25868067,26166100,70838457,60006531,7,42,2557,11434119,1581944,2505727,376186
151032,2940,NA,267,896,6665,235039325,152336391,122574437,57169212,510,1,NA,1,1,40,356,479,447,321,231,203,160,94,83,35,28,242,430,2404,6665,35951913,17500880,20282107,7477316,NA,53096890,56909947,118753686,128700635,19,151,6665,20413726,3917082,4236462,1094327
163182,2007,NA,226,734,5368,287279550,160831021,133504536,61102101,192,NA,NA,1,6,24,209,353,322,297,188,184,138,59,67,27,26,108,342,1376,5368,27344684,10166702,19463198,5355153,NA,44261520,57766388,99159324,106857073,21,89,5368,23358833,5880734,8519362,2131827
157439,2070,NA,18,59,3870,12803864,6122986,5144777,2291161,217,17,1,NA,5,34,262,421,398,319,176,154,98,60,41,25,24,131,923,2181,3870,18298098,5734100,14666019,2331904,22028,53803739,65703618,143504031,133915372,15,47,3870,8439731,1048488,2301859,391864
148873,6293,NA,431,1442,12356,459937636,244996756,210668209,98824079,1223,NA,NA,3,11,75,727,1251,1119,848,547,539,405,225,166,82,89,493,1837,5481,12356,72958869,20784887,30255166,8764270,NA,144179976,157183995,373925511,321083272,180,594,12356,166011542,11559751,20754788,3530617
148178,8004,NA,205,700,11958,249453981,99704718,84434038,35498316,1097,1,NA,NA,32,200,1367,1986,1580,1155,676,568,334,139,99,49,39,346,2554,6317,11958,95901586,15788892,24420698,5019457,618,223770223,262204962,488819005,535299430,1171,2085,11958,849570207,38713317,61744769,5741316
144575,8438,NA,173,1547,16783,235179104,121444077,106009836,47626033,4791,4,1,4,13,178,1055,1351,1267,1307,1192,1176,913,517,463,256,260,831,1293,10987,16783,63700648,17152614,28988073,7552114,1580,86087077,99830714,287653515,219686968,47,695,16783,38654172,4921593,8005687,1639375
133865,8270,1,473,2233,19336,569049335,315010195,260786650,125997079,1902,3,NA,2,13,146,990,1558,1353,1205,863,858,572,322,252,110,130,515,2163,7537,19336,92255459,42053223,52033807,20153655,44660,183895634,206622849,352459138,415323731,78,402,19336,87366971,13934185,22548962,4598488
113899,1475,NA,26,106,2699,22777088,8809337,6886862,2839366,287,3,NA,NA,3,18,153,276,292,225,174,160,100,33,27,10,12,96,326,1504,2699,15873252,2002231,6200155,1030488,41709,31336896,44221244,60493916,84107695,37,152,2699,47509967,2920927,5482747,626237
136017,6432,NA,527,1512,14290,480446879,284744915,230505422,104105826,896,2,NA,NA,10,150,955,1325,1101,927,523,564,458,304,213,105,79,303,2012,5598,14290,75599012,31789446,47982630,15943840,NA,185619337,203948005,299661047,427785923,62,219,14290,49441421,6246233,13421204,2213532
129560,6472,NA,309,1117,14456,422675590,222535325,194464014,85673765,569,NA,1,1,16,170,716,989,998,857,606,594,482,315,278,132,118,299,1482,5730,14456,57040638,17924924,33080847,9476058,NA,152698103,194755245,295305843,370857409,39,198,14456,38959442,6472555,10600530,2203139
144568,9491,NA,220,1203,22380,127550251,64201429,53417129,24836156,3058,3,1,1,11,179,1380,1742,1511,1328,1051,1052,808,541,419,251,210,765,2914,10800,22380,101159937,25063516,53287590,11628428,2930,187660003,204041180,392550507,442846382,90,546,22380,61993599,6465912,12275409,2067702
133856,3260,NA,195,748,7357,245693307,129157145,110920996,48789648,423,3,NA,NA,5,66,357,523,466,417,295,298,249,186,137,69,53,140,812,2741,7357,40971493,12347525,21488745,6184834,2065,76308631,85276485,154577407,186400435,45,197,7357,45621125,6104996,10018027,2156177
141730,11691,NA,292,830,25146,222934235,109280378,97625796,40039587,1201,1,NA,2,15,175,1587,2410,2098,1623,948,874,587,366,256,114,109,755,4219,11528,25146,132174257,29340218,61830850,13472931,NA,283451261,327648770,541511494,652982379,163,534,25146,144385590,8368060,26745433,2069350
144587,12679,NA,1002,2705,27231,398816550,230095658,163642565,80670375,4560,4,1,1,26,311,2030,3126,2785,2103,1466,1291,778,400,300,163,117,846,4808,13749,27231,152001289,53974027,70793554,22522120,4576,342326926,396541486,732498820,805157116,245,787,27231,143429082,15631385,30262076,4615824
136032,1939,NA,73,296,3776,84043875,54070664,39852959,21178670,317,2,NA,1,2,39,230,405,335,289,169,194,117,79,55,18,19,78,574,1890,3776,16666622,7433448,10525353,3662247,115,40066887,55590225,96093197,107188993,15,70,3776,10685786,3271011,4123195,1324126
116720,1115,NA,39,411,2623,141197564,66322043,59491194,26758935,167,2,NA,NA,NA,12,80,152,188,137,146,129,96,36,33,21,20,42,133,801,2623,11522730,2435578,6235145,1353888,NA,14302804,16828997,40718204,37874357,6,70,2623,10134988,929366,2861782,410547
115308,1594,NA,14,87,3652,22106285,10699155,10134040,4656159,142,NA,NA,NA,3,42,230,325,276,209,135,131,81,46,23,11,11,85,478,1614,3652,13487983,4079604,6520378,1873025,NA,36600951,45066909,84661771,91351966,5,35,3652,4860272,614428,889444,183110
103902,2638,NA,15,139,6440,30738820,10459962,11921824,4795722,270,9,NA,NA,4,35,212,509,515,421,216,238,140,75,86,25,24,139,779,2599,6440,41798009,5112874,12511198,1934456,38443,53451834,60932088,94834564,132174269,27,170,6440,34673199,2722131,6477628,896722
129580,5473,NA,354,1977,12026,639618764,368332918,290796343,144748069,1079,1,NA,1,9,55,622,881,800,689,539,528,419,253,198,105,105,324,1118,4331,12026,57982975,23278914,44413691,15232763,NA,111592180,121831926,264974578,247182760,46,245,12026,51074541,8145766,12748089,2551589
127444,1054,NA,44,216,3208,57369623,40603341,30647822,17089678,111,NA,NA,NA,2,27,154,189,145,125,90,106,60,31,21,8,4,45,223,911,3208,16764824,7992957,7935838,3293445,NA,23018902,25773033,58500906,49752576,6,38,3208,6769758,1557923,2380259,541292
141734,3869,NA,25,111,6797,20424502,10217552,9113875,3709967,475,6,NA,NA,1,72,523,901,787,596,354,309,214,104,84,43,25,167,1630,4118,6797,30857169,5309931,15656344,2219280,30752,116571037,130101284,218871342,269284356,32,115,6797,22215368,1106430,7235195,762175
149523,7214,NA,129,603,16383,164121619,79770359,73875588,29819252,881,NA,NA,4,9,83,793,1222,1189,1001,759,623,486,267,231,104,127,519,2509,7234,16383,79839518,22318963,48264016,9979071,NA,188127870,189499643,300757024,411811994,51,260,16383,45997034,4342266,12380909,1388123
157401,13423,1,167,1093,27363,263065256,132233024,105835575,48889080,2625,12,NA,7,23,210,1711,2223,1975,1819,1431,1410,974,582,560,306,308,971,3782,13984,27363,175437496,29745638,56164423,11765549,84467,300016556,310334315,399674316,702248114,230,971,27363,278705772,13439219,31072177,3336897
148075,6066,NA,22,302,10200,59328398,24148266,25200310,9675233,1240,6,1,2,7,57,389,661,712,792,710,746,648,457,389,199,175,299,1454,6714,10200,52560748,7838998,27400015,3337197,6343,94150205,102699613,118517385,224526847,36,292,10200,34838389,3473694,10697025,1306243
165232,3457,NA,174,544,8457,188415362,87940523,83698561,33411974,604,4,NA,1,3,48,350,476,487,509,432,430,223,133,117,74,50,309,881,3349,8457,42054889,8284434,20720671,4110655,NA,79808599,87616271,206956942,192844739,34,168,8457,37315959,4361502,8223252,1619708
153777,2648,7,413,1080,4215,650396293,256406845,172123081,72063412,309,5,NA,2,4,149,827,250,214,190,263,386,183,60,51,17,30,134,428,1613,4215,26710294,6761198,13253367,2871137,18001,71704338,84369283,90311412,225945071,106,264,4215,91149330,23575267,12070381,3321114
143804,6369,NA,164,560,11676,145689608,83680692,66009185,30662367,1036,29,NA,3,17,116,808,1190,1166,1003,693,692,485,249,168,98,90,253,2551,6672,11676,45320885,15997172,23640570,6948168,8536,161653060,202213475,282616362,388198634,51,173,11676,28436608,5251246,7997845,1429460
155228,11524,NA,344,1220,21357,405462699,223063325,184410306,84667587,1228,3,NA,3,15,193,1378,2103,1901,1659,1157,990,721,422,297,176,159,675,3426,10566,21357,116895268,22941981,37710877,9408025,1126,301126644,340619190,472975219,700107366,345,969,21357,334478089,12463743,40589728,3408942
155969,20492,1,228,1094,42017,233612851,77661413,86931698,30508976,2979,18,NA,4,17,202,2048,3204,3387,3017,2070,2138,1571,1083,1001,504,627,1313,6516,20967,42017,324266607,29528141,77939755,10972620,272393,513381575,502929308,611969133,1194696254,411,1410,42017,308544172,18910889,45444427,5902594
159528,12263,NA,384,1174,22647,213137807,93111866,81539329,33992136,2383,18,NA,4,21,279,2181,2605,2095,1688,1315,1226,741,411,291,148,162,707,4450,12789,22647,123820700,19436276,64626546,9893684,154942,398899506,410315791,460665355,978226227,227,684,22647,154905746,8522964,21322235,2333718
149538,6361,NA,277,1600,12343,472614914,225956098,200152506,84892073,1367,1,NA,3,4,93,467,730,792,941,757,747,546,423,337,196,198,432,1152,5509,12343,81141982,16634263,31886053,6938376,1722,118143291,119066030,217558647,284052479,137,626,12343,157741226,10423018,21869508,2564266
149489,9080,NA,174,1648,24461,606687767,306716855,271026820,124131382,1087,3,NA,5,17,175,801,1120,1122,1111,902,965,750,548,429,225,245,490,1589,8088,24461,130537678,34358115,76339038,15963473,45076,165248879,196689617,242379528,389722265,69,434,24461,105140067,13492029,23936741,4185618
165229,2970,NA,59,212,6832,69782639,39275975,34153094,16546421,492,4,NA,NA,4,44,359,466,421,403,331,315,195,115,101,59,39,242,885,3143,6832,31953232,8125788,18509895,3709077,4244,66760151,74860590,136499232,176715565,23,107,6832,18548647,2546518,3892243,822097
149532,6214,NA,13,328,13780,61157947,27203319,25167468,11176263,1122,NA,NA,4,5,108,480,616,711,836,654,735,534,428,489,299,301,343,1004,6762,13780,68073500,12998905,35985188,6010055,NA,87276406,98782266,135114969,209212288,20,246,13780,28876430,3550258,8906141,1550105
167385,10509,NA,525,1801,26344,681271196,386557796,317835452,152725482,1239,9,NA,3,23,135,1331,1931,1432,1239,997,955,621,371,271,168,195,846,2667,9299,26344,193778375,41450555,72127818,18693021,87258,253858732,243688250,401050836,602447208,173,658,26344,185198206,16321446,25823455,4770051
158826,13805,NA,611,1862,27170,562933532,296031061,254197745,107183601,2361,18,NA,2,21,179,1517,2189,2115,1870,1372,1339,1019,554,400,196,213,1352,3761,13539,27170,143275642,29148626,54865208,12221448,54575,327556599,358144220,626995975,826909878,233,766,27170,198979824,10581661,23245582,2629652
248039,612,NA,54,247,1786,96660895,44817650,38428319,16791742,133,1,NA,NA,1,30,160,108,92,57,59,44,41,16,10,8,5,44,127,458,1786,8830526,3638493,5324279,1911244,7194,15468549,20635660,20428525,47319195,4,40,1786,8511877,1500912,2036100,336624
203808,2611,NA,32,573,7275,162497522,91030800,77579584,39385862,433,3,NA,1,4,34,294,457,363,374,217,193,165,107,88,65,38,169,395,2360,7275,33124448,15734495,21381986,7146971,1303,43134725,46588128,50639855,104660726,12,111,7275,19116832,4494638,4482102,1261754
215973,235,NA,3,14,495,2310218,1172101,1178907,436155,29,NA,NA,NA,NA,6,22,42,38,42,26,19,13,17,5,5,1,9,79,247,495,3040869,510053,909315,140644,NA,6626259,7642696,22249810,15113670,NA,3,495,342854,123164,14176,20101
200269,404,NA,5,62,1026,14391383,8730645,6387753,3633208,47,NA,NA,NA,NA,13,46,67,67,54,38,40,29,7,8,1,4,22,92,363,1026,5483154,2581044,2838775,1043315,NA,8692280,10246170,31592922,25108200,2,26,1026,3690273,879540,1289980,272771
248760,786,NA,21,84,2277,15845266,9219338,7994604,3917115,105,2,NA,1,NA,24,108,151,128,83,83,87,49,31,26,13,14,42,259,792,2277,18429457,9180543,10037034,4701983,NA,20459398,25787162,28620328,48990029,2,15,2277,2936688,949980,1154477,496583
215921,756,NA,6,31,2097,7163099,4087902,3028268,1442569,56,NA,NA,NA,2,23,148,168,111,78,63,67,30,21,19,5,7,31,252,771,2097,9618090,4926036,4671616,1794352,NA,26790684,30685319,40713219,60926034,NA,10,2097,2107801,386707,723843,193393
222303,132,NA,7,33,365,12350763,5714326,5172464,2496831,33,4,NA,NA,NA,5,7,26,22,19,10,18,14,7,4,4,1,8,21,130,365,1360191,436731,1208619,376487,5293,2287381,3910919,1817442,6367201,NA,2,365,283057,12747,81671,5360
253000,397,NA,12,83,1371,29323021,11143893,11678289,4700228,347,12,NA,NA,1,19,62,78,83,73,60,60,43,31,19,15,11,37,90,614,1371,7337811,1807326,3765455,848362,8805,7916133,10396682,14107072,25207048,4,47,1371,8087533,1037287,1905778,474465
233810,531,NA,19,115,1079,28076819,13999563,12106047,5407267,100,2,NA,NA,1,3,50,83,76,73,56,46,49,33,39,32,19,25,138,495,1079,5540654,1666318,4542835,1044726,NA,10324670,12463544,13182029,26469742,6,21,1079,3775693,972357,1028954,291400
245914,187,NA,3,27,501,6970407,3830314,3747673,1617048,20,2,NA,NA,1,2,30,37,31,21,25,21,13,6,2,NA,NA,6,51,168,501,2617050,876421,1297572,428570,9090,5902680,6874545,11951859,14848327,2,12,501,2827899,686329,737193,213047
247385,125,NA,3,5,347,489083,482937,332403,212581,12,2,NA,NA,NA,1,16,25,20,13,18,11,7,3,5,2,2,7,48,131,347,1816655,582216,638056,232940,94,4783332,5550585,10850535,9941619,1,1,347,0,0,2199,0
204532,512,NA,11,44,1396,9929952,6550081,5299622,3033432,41,NA,NA,NA,NA,8,78,114,81,68,43,28,30,16,10,5,7,30,159,493,1396,6977438,4381173,4408284,2061788,NA,12615540,12592305,25257636,30101575,5,16,1396,2627529,580714,842163,232178
220203,897,NA,56,170,2122,59020656,34991139,29785438,13768815,102,NA,NA,NA,4,20,160,189,156,108,74,70,57,29,15,12,8,40,264,803,2122,10629332,3994588,6929093,2275590,NA,26076920,31584708,46288296,62168212,4,26,2122,3855330,648375,1255995,271846
109557,4551,NA,166,1035,9936,310445005,170685255,132944750,65493047,1462,3,NA,2,14,154,684,955,913,736,530,461,343,189,142,62,46,200,1348,4755,9936,35808095,9840455,19174090,5288341,39966,106892192,155052690,220366546,277655880,52,223,9936,47846638,3611314,8523966,1202218
93135,3580,NA,75,1887,8474,768416261,421202209,343042026,179032038,1008,NA,NA,2,5,45,261,365,456,463,362,365,321,195,189,114,144,223,239,2495,8474,45814667,17848949,26061704,9032410,NA,30888190,43759042,64008872,80371226,9,211,8474,29249950,4907470,10116669,1838304
58859,72,NA,NA,8,260,1319367,786489,388884,322704,13,NA,NA,NA,NA,2,7,13,16,11,8,7,4,4,1,3,2,2,14,76,260,1230312,535407,724399,277130,NA,994165,1962601,472540,3799581,NA,1,260,320747,83065,126695,17017
72423,408,NA,6,67,1070,19064215,8098172,8143608,3435867,88,1,NA,NA,NA,6,39,63,54,67,46,46,31,12,7,5,3,27,53,404,1070,5802217,868518,2831504,592286,544,4257918,6974092,9063696,11932524,NA,25,1070,3639424,176684,713143,107424
104599,487,NA,1,7,913,2300382,1401527,956033,427802,17,NA,NA,NA,1,5,40,67,124,83,43,33,26,15,23,8,3,16,159,494,913,3359817,452983,3846517,305449,NA,17065669,15706788,24376263,33957731,1,3,913,54686,0,0,0
26015,84,NA,1,8,199,599,282,60,0,59,NA,NA,NA,NA,3,24,38,20,17,13,10,3,6,3,1,NA,4,41,126,199,353006,33615,56585,10440,NA,2019491,3429597,1639368,5077296,3,9,199,545,352,457,320
76771,95,NA,NA,5,332,2591986,1323189,792182,491780,12,5,NA,NA,NA,4,6,15,13,9,14,7,11,5,3,2,NA,7,13,98,332,1440515,534863,812633,251993,355,1479669,2884238,8661645,5715500,NA,4,332,575395,92958,126405,28265
69674,186,NA,20,56,503,24509017,11524777,11456801,4608554,25,NA,NA,NA,NA,4,15,23,39,29,20,21,19,6,7,7,NA,6,37,137,503,2197950,640508,2947244,565328,NA,1766384,2992583,3907207,7137141,3,18,503,3563144,630311,1487715,391034
109541,1232,NA,78,383,2810,159837012,76358783,67053812,28983675,151,2,NA,NA,2,26,131,213,206,156,130,132,81,43,27,20,4,70,239,912,2810,15944938,4247281,7530973,1865798,NA,23029975,34942481,45596285,63322376,21,88,2810,21874616,1835876,5118379,774419
78135,1840,NA,16,305,3494,122032638,58297785,50258940,24084643,829,NA,NA,NA,5,29,145,269,307,284,237,232,174,79,52,41,22,171,141,2175,3494,10705431,2497838,4904044,1090490,NA,15540928,24649403,26584350,41220489,8,189,3494,14100352,2101747,4243617,802153
97411,2065,NA,190,937,5590,359775736,199493135,169081675,78799550,316,6,NA,NA,1,21,211,299,349,284,196,202,145,92,89,37,42,133,356,1329,5590,29230062,10264278,20195986,5845249,2,37347347,41796078,64399062,90313233,27,115,5590,24217773,3279861,6399305,1044175
85303,258,NA,6,53,841,15112237,5040547,6726460,2082174,60,NA,NA,NA,NA,3,40,55,63,37,32,29,8,4,5,2,4,11,34,247,841,4754548,772402,1902042,400351,NA,5949689,8999974,8407874,15612900,3,18,841,3300960,163252,689582,75215
95283,647,NA,45,171,2360,57575077,31748239,25824431,11873684,63,1,NA,NA,1,11,71,120,116,84,71,67,35,31,19,11,1,22,123,515,2360,12348303,4794569,7035262,2170671,2250,13793259,18581576,26464352,36908088,5,24,2360,5450779,971240,1213815,319414
98780,2729,NA,65,704,6954,232725684,89136969,90941618,33962078,646,NA,NA,NA,5,43,241,358,358,353,335,344,210,145,113,76,48,202,269,2436,6954,32956921,5862211,17646757,3647227,NA,30950861,41887622,57697254,79952383,18,235,6954,59183276,4176708,10677690,1071099
94498,2653,NA,60,767,9244,74054324,29609517,30859080,12228772,1941,NA,NA,NA,7,147,624,543,483,405,439,486,328,174,143,88,86,141,451,3472,9244,39114013,9736919,21358449,5000244,NA,32283125,45999409,36534438,83486989,41,355,9244,23568263,3876160,7374748,1357944
45147,42,NA,2,14,132,3002638,596192,1126291,269577,14,NA,NA,NA,NA,1,1,7,5,8,3,6,5,1,3,3,NA,3,2,40,132,361749,86520,290457,39715,NA,722239,849435,711980,1472276,NA,2,132,16042,0,0,60
66625,11559,NA,50,1925,24930,75195840,35477961,31227804,14545094,14044,NA,3,4,22,285,1433,2231,2383,2365,2430,2508,1805,984,833,389,369,1281,1089,20661,24930,45228594,3900018,33610705,2294115,NA,82529560,110761466,96614141,205119438,117,3017,24930,9510362,1152694,1462010,224246
82306,303,NA,8,53,1136,22238304,11272590,10499604,4821353,28,2,NA,NA,NA,2,40,43,39,30,29,40,17,16,12,5,7,18,50,264,1136,5423197,1425127,3000500,728526,NA,4819960,7789524,8203543,13529415,NA,14,1136,3455795,647696,996153,206146
90936,687,4,92,210,1856,65113559,37789035,34742293,13147139,69,1,NA,NA,NA,11,89,124,149,108,63,62,33,20,15,3,4,33,116,491,1856,9137800,2804546,6190299,1698486,105109,17372715,21764330,29650655,47302114,14,55,1856,12625023,1437732,4437839,471565
279589,2035,NA,99,667,5910,351841301,149128051,142802536,58559235,289,NA,1,3,27,75,267,284,290,259,220,212,173,81,81,38,23,95,351,1497,5910,27889844,6263713,17784273,4439571,NA,44044424,62932429,71314722,121442169,29,160,5910,44245075,4065129,11798013,1665981
411684,46,NA,1,3,111,633523,230076,344671,105313,7,NA,NA,NA,NA,NA,3,7,6,10,6,6,4,5,1,2,NA,2,11,47,111,394315,61258,142714,38689,NA,679679,2349606,1442061,2299421,NA,3,111,844874,349545,43058,1369
291745,283,NA,6,73,857,33857322,13267404,12024098,5109744,63,NA,NA,NA,NA,18,27,33,39,40,42,46,26,8,7,6,1,6,24,187,857,6508345,1228519,2400750,413979,NA,3784550,7066370,3487584,11252304,8,86,857,29775917,2652771,7124040,851860
272468,96,NA,2,13,313,6465468,3645480,2861632,1382813,8,NA,NA,NA,NA,NA,5,17,18,14,13,10,10,5,2,1,NA,2,16,85,313,1388900,288174,758886,227204,NA,1465575,2277203,4372156,4056040,1,6,313,1063264,23974,322492,2491
270287,191,NA,NA,7,459,3068036,1199878,1429707,504812,29,1,NA,NA,NA,NA,14,22,32,24,21,19,12,13,10,1,4,16,45,206,459,1562090,255816,1208092,226285,303,3033313,4075964,5622704,8627534,NA,7,459,442853,66829,307572,59805
281755,126,NA,NA,5,343,1990253,1052405,472362,241432,14,NA,NA,NA,NA,6,10,19,21,14,12,11,10,11,2,2,3,7,34,132,343,1408383,223488,734428,131997,NA,2057865,2958876,3188189,5765929,1,3,343,498253,1327,99819,54
284589,348,NA,6,48,1478,13687124,6025173,6007678,2291557,44,1,NA,1,NA,7,34,70,45,55,29,42,22,16,12,3,1,23,64,328,1478,6390100,1276868,3119968,682135,2218,6578719,9776693,25452641,19733315,3,16,1478,2408368,392602,817386,215211
160170,648,NA,5,87,2508,31050716,12104806,13528143,4755325,133,7,NA,NA,NA,11,38,91,73,94,75,98,78,34,26,16,16,37,99,663,2508,10183043,2022468,5451688,790492,32319,8257484,12166238,21229560,20180315,3,31,2508,5787625,792072,2189812,349760
158031,946,NA,10,165,3034,54710261,23313695,23581519,9237345,180,NA,NA,1,1,14,60,109,109,121,105,119,97,61,58,20,19,51,114,905,3034,12987547,3500515,7161380,1587504,NA,11655494,14707981,16320222,28777645,4,56,3034,15090823,866620,5528199,380005
148750,231,NA,9,51,908,21048315,10049020,8348029,3632644,21,NA,NA,NA,NA,1,17,41,41,27,32,30,13,11,3,2,1,13,39,190,908,5473157,1300954,2567096,526252,NA,5639909,6311825,8253639,15922639,4,11,908,2435293,353081,892379,65453
179449,113,NA,1,15,275,5220894,1541775,2287783,734211,9,NA,NA,NA,NA,1,6,9,11,14,13,16,16,3,7,4,2,10,4,99,275,1239118,297140,1071594,199912,NA,1240320,2273267,1144616,3217789,NA,8,275,2070568,149944,602021,472
168700,69,NA,6,30,161,737962,619807,165560,157817,73,NA,NA,NA,NA,3,24,21,11,14,14,9,4,9,7,NA,2,3,22,99,161,444536,73232,325553,21046,NA,1266530,1228853,1341431,3147993,2,13,161,1836433,190329,228843,17049
169314,56,NA,1,7,170,3614828,1621741,2123065,825099,3,2,NA,NA,NA,NA,4,3,4,9,6,7,7,3,3,2,1,2,3,48,170,636759,157383,319410,44467,NA,362838,697864,224874,1745094,NA,4,170,545094,0,37150,0
297513,1278,NA,70,481,5302,220242734,86389977,93717422,33210917,99,2,NA,NA,1,18,116,143,172,171,126,159,137,68,49,40,28,51,143,786,5302,25658897,6272297,18498935,4480952,NA,19956305,31186340,39348530,58843187,14,110,5302,32990622,3623085,11480382,1280929
328926,21,NA,NA,2,62,553397,291676,279054,150907,6,NA,NA,NA,NA,NA,6,3,3,2,2,2,3,2,NA,NA,NA,1,7,25,62,131129,50181,186564,82503,NA,588107,665322,754375,1356250,NA,NA,62,NA,NA,NA,NA
349016,32,NA,NA,6,91,3255541,1861357,1375241,791171,4,2,NA,NA,NA,NA,5,6,2,7,1,4,4,5,NA,NA,1,NA,7,29,91,311051,89902,171836,44137,180,626887,755870,369746,1193739,NA,1,91,669012,0,202658,0
295363,1303,NA,75,344,5309,147600538,66967738,62131764,24786053,143,NA,NA,NA,2,30,148,204,205,173,126,137,119,57,55,27,20,58,227,1015,5309,23282112,7147732,17350227,4362379,NA,29168287,44205395,42281193,79429211,18,87,5309,26444520,2389545,8346219,1296270
293280,169,NA,19,61,255,27287835,9426603,11164043,4034801,37,NA,NA,NA,NA,3,25,34,31,30,14,23,15,5,7,NA,4,5,31,125,255,1360934,115381,895232,88173,NA,3391149,5018907,2351555,9505835,2,20,255,6286762,316814,1498589,46046
297517,497,NA,23,135,2396,54670625,24940989,23259941,9162972,38,NA,NA,NA,1,11,49,64,71,62,46,60,53,34,20,10,7,21,59,374,2396,11192185,2747232,6911621,1679664,NA,8895285,16027436,28306073,29675728,2,26,2396,5930766,498067,1821166,188848
295371,1233,NA,47,232,5798,99377645,41039185,41998743,15843584,133,2,NA,NA,3,21,98,227,176,161,109,134,130,76,44,28,28,47,183,1045,5798,24913618,5228433,16169353,3179510,43344,25334257,32444801,35472803,62875145,9,89,5798,21185983,3332510,7005537,1130592
301087,141,NA,3,25,554,11545892,5614593,5265585,2127769,14,3,NA,NA,1,2,15,28,29,23,12,12,12,5,7,2,NA,4,27,121,554,2534663,1004886,2039087,602242,2826,3225514,4474445,5535785,8143128,3,9,554,1261309,223714,466302,87684
298222,520,NA,37,189,2238,81591970,35003983,36578036,13582447,40,3,NA,NA,1,14,40,65,75,59,54,60,61,32,21,15,5,17,65,329,2238,10827550,3218740,7325770,1837856,77550,7657914,12313500,13043924,23246299,8,42,2238,12205665,1063476,4388229,532857
224061,1239,2,62,380,5340,152535277,67007569,67064520,27683089,247,NA,NA,1,3,30,130,165,190,161,122,136,135,59,35,20,27,92,150,971,5340,24574264,7005589,17806320,4649781,44645,18351714,27539272,28323136,49068847,7,135,5340,33836222,3556814,11444748,1151063
222603,709,NA,3,102,1626,33394603,20252048,15167800,8777189,133,NA,NA,NA,NA,9,59,79,107,75,71,83,70,32,23,20,7,47,76,680,1626,5553233,1417096,4462974,1170726,NA,7333511,11448252,10188348,23208844,11,60,1626,10527637,923032,4278213,246527
237594,66,NA,1,9,231,5816491,2996445,2615095,1375094,8,NA,NA,NA,NA,3,7,11,14,8,8,5,9,1,NA,2,2,NA,13,57,231,1122313,288753,882151,207447,NA,1166520,1397551,1091185,3183264,1,8,231,1687353,347153,524558,115952
238405,153,NA,3,27,537,8686535,3894645,4244928,1694541,36,NA,NA,NA,NA,5,18,18,32,10,18,17,19,8,10,1,3,7,33,153,537,1981835,395669,3023257,778743,NA,3505589,4994103,4999376,8464122,NA,9,537,1380660,132717,705436,82561
201178,65,NA,NA,6,179,1297708,547285,384628,194074,10,NA,NA,NA,NA,3,6,6,11,8,9,9,8,2,NA,NA,NA,6,11,67,179,609006,109950,291762,52554,NA,1089721,1598824,2321069,2495989,NA,2,179,259729,6157,28729,0
218372,437,1,12,99,1197,13861708,7991235,5974370,3535291,346,7,NA,NA,NA,6,46,84,105,76,88,85,57,29,25,16,15,40,76,625,1197,3002827,775865,1681295,350375,36988,4196149,7275835,6363791,14581766,4,59,1197,2594753,550213,687753,142669
224769,1071,NA,84,397,3578,180677402,90291240,76817505,37469126,158,NA,NA,NA,2,20,124,137,172,165,127,134,79,46,39,22,14,54,171,696,3578,17313685,5993343,15709044,4874853,NA,18528635,25372442,26580812,46640386,28,136,3578,31976184,6136333,10963382,2237942
212486,390,NA,21,116,1342,46567565,22101197,20244970,8739814,63,NA,NA,NA,1,5,31,73,65,45,45,44,22,15,20,7,6,27,60,313,1342,6480160,1607218,3632342,845255,NA,6630747,10270157,15500905,17323885,2,24,1342,5676446,716772,2313538,334748
226108,107,NA,NA,33,291,16589629,7807150,5858037,2728051,16,NA,NA,NA,NA,4,7,17,16,18,9,13,4,6,5,1,1,9,12,78,291,2252289,741069,1139425,405173,NA,1575988,2394192,1933292,4791192,NA,12,291,3140845,384212,1017653,261482
243897,330,NA,8,66,826,26898390,14153096,11007074,5384021,56,NA,NA,NA,1,2,27,54,57,62,36,35,27,11,9,4,1,18,59,310,826,3462383,764337,1851792,437612,NA,6442655,8934264,10465489,15278599,2,10,826,1429855,147739,314193,53805
218906,864,NA,100,355,2807,125683156,65518660,61155272,25355238,127,4,NA,NA,2,18,98,129,136,98,101,84,69,30,17,17,12,69,120,579,2807,9761651,3148850,10526009,2691120,5,14160673,19502619,21718101,45287267,16,57,2807,19315739,2383436,6371339,799603
256792,126,NA,NA,10,389,1279827,486634,673623,236120,24,NA,NA,NA,NA,7,11,12,22,16,12,14,9,4,11,4,NA,6,14,140,389,1450028,346682,1080877,111708,NA,1343263,2734265,1331046,4413584,NA,NA,389,NA,NA,NA,NA
210306,502,NA,8,32,1311,10275150,5312625,4872092,2074140,72,NA,NA,NA,NA,9,62,104,103,72,54,38,32,13,8,2,2,19,134,526,1311,5471869,3273183,2111511,993866,NA,11569009,15054456,25545546,34227229,3,16,1311,2605173,570408,971439,170398
220334,319,NA,9,85,1204,35118370,23327946,17597096,9411971,37,3,NA,NA,1,4,21,30,41,47,27,37,27,14,9,1,3,36,48,257,1204,4663464,1061135,4335929,1142406,4715,3691685,6351515,7311024,10613113,2,14,1204,2520727,478473,800299,62226
202447,275,NA,7,46,776,9333763,4603083,3598015,1625087,48,NA,NA,NA,1,7,46,55,35,35,24,23,22,10,3,2,4,18,68,255,776,4033925,1682372,2068388,669457,NA,5348468,6419416,18480212,15146637,7,22,776,4119667,699284,622691,169251
149650,1141,NA,2,25,2385,4361362,1646662,1559093,578229,220,3,NA,NA,1,19,151,255,213,168,105,93,79,36,32,15,9,69,357,1317,2385,7712779,1860474,3714408,882774,5034,24291347,28878903,48905974,56858332,2,19,2385,2121949,437505,567421,118796
140371,7806,NA,262,1013,17635,351677085,188766144,155478975,70433468,776,1,1,NA,9,81,671,1176,1267,1141,703,715,518,311,251,130,85,575,1919,7138,17635,95911054,24587292,42537577,11274417,28843,160130526,173734565,261679350,354512489,131,431,17635,121869769,9044686,16754816,2364035
162514,645,NA,18,131,1274,43248369,19597836,17087105,7833621,292,6,NA,NA,NA,12,84,137,152,120,99,87,58,21,23,8,3,43,149,731,1274,4708171,672166,2160700,402000,2181,13360807,19058806,20228998,30475967,13,75,1274,16922354,1207360,3897436,336657
116066,265,NA,6,37,726,12570650,5787172,5779334,2676895,133,NA,NA,NA,1,5,30,59,59,46,38,29,26,8,12,3,7,25,53,337,726,3053251,825461,1553368,436290,NA,4522645,8093126,4726178,11311902,1,24,726,2808124,706929,791943,244980
133964,360,NA,4,52,1167,24112946,12034756,9388578,4678232,50,NA,NA,NA,NA,1,42,61,62,52,34,39,29,14,9,5,5,24,68,335,1167,5766326,1783862,3180880,670601,NA,5014890,7059442,4582254,12283010,2,23,1167,4684732,619271,1277151,203275
107570,46,NA,NA,1,142,130960,106737,25685,95290,2,NA,NA,NA,NA,2,3,4,6,10,6,4,4,2,NA,3,1,2,8,46,142,582469,138712,224918,30043,NA,867653,1001379,717485,2268433,NA,1,142,30757,0,9423,12102
101060,1434,NA,37,505,4204,161189959,85127283,70550949,34604842,432,1,NA,NA,3,40,240,318,245,209,118,139,87,46,32,14,7,87,222,1272,4204,19179584,6859917,10578398,3343157,NA,22603306,34251897,40432157,56140071,9,89,4204,15949651,2490943,5233001,1004289
143224,4421,NA,192,745,10530,255839402,158288546,113416766,58321806,2118,2,NA,1,6,138,944,1142,990,834,593,522,366,191,164,81,64,200,2189,5500,10530,45849921,16428989,26146089,8135831,2737,112968639,132677195,186106498,247104811,97,296,10530,42255153,7656070,10407614,2090061
147519,6257,NA,269,1226,14409,423575005,238578421,196975903,95192615,5679,3,NA,NA,22,245,1559,1867,1627,1321,1111,1159,796,441,364,190,107,359,2986,9835,14409,37854837,11788287,23576865,6346325,17771,119638195,159752728,157579293,291274292,207,875,14409,45033216,4689478,11461399,1792386
154642,1423,NA,49,192,3840,54914116,30266444,25343492,12086553,277,NA,NA,NA,NA,23,229,294,241,210,115,150,96,48,26,20,18,58,395,1440,3840,17353761,6133741,9183082,2844289,NA,28432108,41973064,99538140,78362637,12,68,3840,11144461,1337538,3440913,508966
102500,143,NA,11,39,534,11364932,7438369,5596226,2863761,23,NA,NA,NA,NA,NA,18,34,33,14,14,14,11,6,2,1,1,6,31,120,534,2331227,754632,1773913,463907,NA,3431486,3661268,3062858,7939222,2,7,534,805840,375886,269910,127625
138236,519,NA,18,62,1705,20447085,11754114,9876300,4829891,57,3,NA,NA,NA,5,56,78,102,81,64,49,17,20,21,8,2,24,138,490,1705,8311366,3158444,4064758,1391121,NA,11573781,14454658,38338912,27368206,1,24,1705,4990429,1265690,1520944,475841
145374,2514,NA,45,152,6627,19084737,14015400,10512542,5183918,1058,2,NA,NA,3,66,485,581,486,422,312,294,196,124,90,58,41,165,1055,3282,6627,23761206,11783323,11440607,3817706,2004,63315489,72387364,101234615,138254103,35,138,6627,8310283,1390383,1907203,369522
156081,1035,NA,96,359,2696,150785186,87376760,70788698,34444005,129,5,NA,NA,3,15,130,177,196,147,98,103,53,39,23,16,11,50,235,767,2696,9852715,3481332,9977915,2614555,9083,22890804,24534755,51636333,52281708,11,38,2696,5918488,919952,2119326,423504
325779,195,NA,5,33,660,15251833,8789810,6216071,3306269,39,NA,NA,NA,NA,5,19,27,28,26,15,31,22,9,9,9,7,7,29,186,660,2791090,569308,1944825,346783,NA,1970982,3312097,1494695,7124738,4,15,660,2922580,633549,998969,185642
296479,132,NA,1,33,379,9903363,4561539,3866513,1841642,190,NA,NA,NA,NA,35,64,59,29,27,22,34,12,3,5,3,3,10,41,218,379,1754979,663241,706668,191940,NA,5005059,7608315,2907673,11969469,10,71,379,2532138,306895,713114,94679
320780,233,NA,5,50,896,25052268,12141048,9818708,4644689,32,NA,NA,NA,NA,6,24,30,28,37,26,23,28,6,15,5,2,10,30,197,896,4163344,951695,3151516,708819,NA,3995800,6785110,2870175,11292523,2,18,896,3708321,977209,1127996,327453
324348,663,NA,12,168,3050,67383146,32935539,26266823,12805162,131,1,NA,NA,1,16,58,94,95,78,66,80,71,34,28,11,9,37,91,564,3050,13404798,2867136,9003485,2231246,10495,12092668,15027942,13800106,29649211,5,62,3050,15219932,1639819,3932257,614816
345832,50,NA,NA,2,178,855470,320886,294483,86720,4,NA,NA,NA,NA,1,5,10,11,6,5,4,3,2,2,4,NA,NA,7,51,178,1115557,324091,564353,93321,NA,644245,846631,554519,2139648,NA,1,178,0,0,60,0
